{"loss": [1.3524935245513916, 0.42919161915779114, 0.2524036467075348, 0.17788249254226685, 0.12624651193618774, 0.10041119158267975, 0.08528978377580643, 0.07415634393692017, 0.05820435658097267, 0.05638952925801277], "accuracy": [0.6018920540809631, 0.8657941818237305, 0.9183014631271362, 0.9421011209487915, 0.9585887789726257, 0.9674514532089233, 0.9721032977104187, 0.975986897945404, 0.9810939431190491, 0.9816487431526184], "val_loss": [0.5447146892547607, 0.26563143730163574, 0.1621825248003006, 0.1583995223045349, 0.1633339375257492, 0.17845256626605988, 0.12878622114658356, 0.16101892292499542, 0.12604445219039917, 0.09991973638534546], "val_accuracy": [0.8286478519439697, 0.9118483662605286, 0.946790337562561, 0.949180543422699, 0.948952853679657, 0.94514000415802, 0.9594240784645081, 0.9517413973808289, 0.963350772857666, 0.9702367186546326]}